<?xml version="1.0" encoding="UTF-8"?>
<Project>
    <params>
        <name>acoshsp</name>
        <location>src/acoshsp//c674/</location>
        <target>674le</target>
        <buildArtifact>executable</buildArtifact>
        <files name="src/common//c674/lnk.cmd"/>
        <files name="src/acoshsp/acoshsp.h"/>
        <files name="src/acoshsp/acoshsp_d.c"/>
        <files name="src/acoshsp//c674/acoshsp.h"/>
        <files name="src/acoshsp//c674/acoshsp_i.h"/>
        <files name="src/common/drvsp.c"/>
        <files name="src/common/drvsp.h"/>
        <files name="src/common/driver.h"/>
        <files name="src/common/driver.c"/>
        <files name="src/common/common.h"/>
        <files name="src/common//c674/common.h"/>
        <cFlags> --mem_model:data=far</cFlags>
    </params>
</Project>
