<?xml version="1.0" encoding="UTF-8"?>
<Project>
    <params>
        <name>atanhsp</name>
        <location>src/atanhsp//c674/</location>
        <target>674le</target>
        <buildArtifact>executable</buildArtifact>
        <files name="src/common//c674/lnk.cmd"/>
        <files name="src/atanhsp/atanhsp.h"/>
        <files name="src/atanhsp/atanhsp_d.c"/>
        <files name="src/atanhsp//c674/atanhsp.h"/>
        <files name="src/atanhsp//c674/atanhsp_i.h"/>
        <files name="src/common/drvsp.c"/>
        <files name="src/common/drvsp.h"/>
        <files name="src/common/driver.h"/>
        <files name="src/common/driver.c"/>
        <files name="src/common/common.h"/>
        <files name="src/common//c674/common.h"/>
        <cFlags> --mem_model:data=far</cFlags>
    </params>
</Project>
