<?xml version="1.0" encoding="UTF-8"?>
<Project>
    <params>
        <name>coshdp</name>
        <location>src/coshdp//c674/</location>
        <target>674le</target>
        <buildArtifact>executable</buildArtifact>
        <files name="src/common//c674/lnk.cmd"/>
        <files name="src/coshdp/coshdp.h"/>
        <files name="src/coshdp/coshdp_d.c"/>
        <files name="src/coshdp//c674/coshdp.h"/>
        <files name="src/coshdp//c674/coshdp_i.h"/>
        <files name="src/common/drvdp.c"/>
        <files name="src/common/drvdp.h"/>
        <files name="src/common/driver.h"/>
        <files name="src/common/driver.c"/>
        <files name="src/common/common.h"/>
        <files name="src/common//c674/common.h"/>
        <cFlags> --mem_model:data=far</cFlags>
    </params>
</Project>
