<?xml version="1.0" encoding="UTF-8"?>
<Project>
    <params>
        <name>log10sp</name>
        <location>src/log10sp//c674/</location>
        <target>674le</target>
        <buildArtifact>executable</buildArtifact>
        <files name="src/common//c674/lnk.cmd"/>
        <files name="src/log10sp/log10sp.h"/>
        <files name="src/log10sp/log10sp_d.c"/>
        <files name="src/log10sp//c674/log10sp.h"/>
        <files name="src/log10sp//c674/log10sp_i.h"/>
        <files name="src/common/drvsp.c"/>
        <files name="src/common/drvsp.h"/>
        <files name="src/common/driver.h"/>
        <files name="src/common/driver.c"/>
        <files name="src/common/common.h"/>
        <files name="src/common//c674/common.h"/>
        <cFlags> --mem_model:data=far</cFlags>
    </params>
</Project>
