<?xml version="1.0" encoding="UTF-8"?>
<Project>
    <params>
        <name>recipsp</name>
        <location>src/recipsp//c674/</location>
        <target>674le</target>
        <buildArtifact>executable</buildArtifact>
        <files name="src/common//c674/lnk.cmd"/>
        <files name="src/recipsp/recipsp.h"/>
        <files name="src/recipsp/recipsp_d.c"/>
        <files name="src/recipsp//c674/recipsp.h"/>
        <files name="src/recipsp//c674/recipsp_i.h"/>
        <files name="src/common/drvsp.c"/>
        <files name="src/common/drvsp.h"/>
        <files name="src/common/driver.h"/>
        <files name="src/common/driver.c"/>
        <files name="src/common/common.h"/>
        <files name="src/common//c674/common.h"/>
        <cFlags> --mem_model:data=far</cFlags>
    </params>
</Project>
