<?xml version="1.0" encoding="UTF-8"?>
<Project>
    <params>
        <name>sinsp</name>
        <location>src/sinsp//c674/</location>
        <target>674le</target>
        <buildArtifact>executable</buildArtifact>
        <files name="src/common//c674/lnk.cmd"/>
        <files name="src/sinsp/sinsp.h"/>
        <files name="src/sinsp/sinsp_d.c"/>
        <files name="src/sinsp//c674/sinsp.h"/>
        <files name="src/sinsp//c674/sinsp_i.h"/>
        <files name="src/common/drvsp.c"/>
        <files name="src/common/drvsp.h"/>
        <files name="src/common/driver.h"/>
        <files name="src/common/driver.c"/>
        <files name="src/common/common.h"/>
        <files name="src/common//c674/common.h"/>
        <cFlags> --mem_model:data=far</cFlags>
    </params>
</Project>
