<?xml version="1.0" encoding="windows-1252"?>
<!--  This file conforms to the DTD xdc/bld/build.dtd -->
<package name="ti.mathlib" version="1, 0, 0, 0" producerId="undefined">
    <units>
        <module name="Version"/>
    </units>
    <sources>
    </sources>
    <configscripts>
    </configscripts>
    <makefiles>
        <srcFile name="package.mak" src="package.bld"/>
        <srcFile name="package/package.xdc.dep" src="package.xdc"/>
        <srcFile name="package/package.cfg.dep" src="package.xdc"/>
        <srcFile name="package/rel/ti_mathlib_src_c674x_3_1_2_1.zip.dep" src="package/rel/ti_mathlib_src_c674x_3_1_2_1.xdc.inc"/>
    </makefiles>
    <targets>
    </targets>
    <libraries>
    </libraries>
    <configurations>
    </configurations>
    <executables>
    </executables>
    <tests>
    </tests>
    <releases relDir="package/rel/">
    <release name="ti_mathlib_src_c674x_3_1_2_1"
        pname="ti_mathlib_src_c674x_3_1_2_1.zip"
        label="default"
    >
        <file name="package/package.bld.xml"/>
        <file name="package/build.cfg"/>
        <file name="makefile"/>
        <file name="lib"/>
        <file name="lib/mathlib.a674.mk"/>
        <file name="./src/common/tables.c"/>
        <file name="./src/atan2dp//c674/atan2dp_c.c"/>
        <file name="./src/atan2dp/atan2dp_v.c"/>
        <file name="./src/atan2sp//c674/atan2sp_c.c"/>
        <file name="./src/atan2sp/atan2sp_v.c"/>
        <file name="./src/atandp//c674/atandp_c.c"/>
        <file name="./src/atandp//c674/atandp_v.c"/>
        <file name="./src/atansp//c674/atansp_c.c"/>
        <file name="./src/atansp/atansp_v.c"/>
        <file name="./src/cosdp//c674/cosdp_c.c"/>
        <file name="./src/cosdp/cosdp_v.c"/>
        <file name="./src/cossp//c674/cossp_c.c"/>
        <file name="./src/cossp/cossp_v.c"/>
        <file name="./src/divdp//c674/divdp_c.c"/>
        <file name="./src/divdp/divdp_v.c"/>
        <file name="./src/divsp//c674/divsp_c.c"/>
        <file name="./src/divsp/divsp_v.c"/>
        <file name="./src/exp10dp//c674/exp10dp_c.c"/>
        <file name="./src/exp10dp/exp10dp_v.c"/>
        <file name="./src/exp10sp//c674/exp10sp_c.c"/>
        <file name="./src/exp10sp/exp10sp_v.c"/>
        <file name="./src/exp2dp//c674/exp2dp_c.c"/>
        <file name="./src/exp2dp/exp2dp_v.c"/>
        <file name="./src/exp2sp//c674/exp2sp_c.c"/>
        <file name="./src/exp2sp/exp2sp_v.c"/>
        <file name="./src/expdp//c674/expdp_c.c"/>
        <file name="./src/expdp/expdp_v.c"/>
        <file name="./src/expsp//c674/expsp_c.c"/>
        <file name="./src/expsp/expsp_v.c"/>
        <file name="./src/log10dp//c674/log10dp_c.c"/>
        <file name="./src/log10dp/log10dp_v.c"/>
        <file name="./src/log10sp//c674/log10sp_c.c"/>
        <file name="./src/log10sp/log10sp_v.c"/>
        <file name="./src/log2dp//c674/log2dp_c.c"/>
        <file name="./src/log2dp/log2dp_v.c"/>
        <file name="./src/log2sp//c674/log2sp_c.c"/>
        <file name="./src/log2sp/log2sp_v.c"/>
        <file name="./src/logdp//c674/logdp_c.c"/>
        <file name="./src/logdp/logdp_v.c"/>
        <file name="./src/logsp//c674/logsp_c.c"/>
        <file name="./src/logsp/logsp_v.c"/>
        <file name="./src/powdp//c674/powdp_c.c"/>
        <file name="./src/powdp/powdp_v.c"/>
        <file name="./src/powsp//c674/powsp_c.c"/>
        <file name="./src/powsp/powsp_v.c"/>
        <file name="./src/recipdp//c674/recipdp_c.c"/>
        <file name="./src/recipdp/recipdp_v.c"/>
        <file name="./src/recipsp//c674/recipsp_c.c"/>
        <file name="./src/recipsp/recipsp_v.c"/>
        <file name="./src/rsqrtdp//c674/rsqrtdp_c.c"/>
        <file name="./src/rsqrtdp/rsqrtdp_v.c"/>
        <file name="./src/rsqrtsp//c674/rsqrtsp_c.c"/>
        <file name="./src/rsqrtsp/rsqrtsp_v.c"/>
        <file name="./src/sindp//c674/sindp_c.c"/>
        <file name="./src/sindp/sindp_v.c"/>
        <file name="./src/sinsp//c674/sinsp_c.c"/>
        <file name="./src/sinsp/sinsp_v.c"/>
        <file name="./src/sqrtdp//c674/sqrtdp_c.c"/>
        <file name="./src/sqrtdp/sqrtdp_v.c"/>
        <file name="./src/sqrtsp//c674/sqrtsp_c.c"/>
        <file name="./src/sqrtsp/sqrtsp_v.c"/>
        <file name="./src/asindp//c674/asindp.c"/>
        <file name="./src/asindp//c674/asindp_c.c"/>
        <file name="./src/asindp//c674/asindp_v.c"/>
        <file name="./src/acosdp//c674/acosdp.c"/>
        <file name="./src/acosdp//c674/acosdp_c.c"/>
        <file name="./src/acosdp//c674/acosdp_v.c"/>
        <file name="./src/sinhdp//c674/sinhdp.c"/>
        <file name="./src/sinhdp//c674/sinhdp_c.c"/>
        <file name="./src/sinhdp//c674/sinhdp_v.c"/>
        <file name="./src/sinhsp//c674/sinhsp.c"/>
        <file name="./src/sinhsp//c674/sinhsp_c.c"/>
        <file name="./src/sinhsp/sinhsp_v.c"/>
        <file name="./src/coshdp//c674/coshdp.c"/>
        <file name="./src/coshdp//c674/coshdp_c.c"/>
        <file name="./src/coshdp//c674/coshdp_v.c"/>
        <file name="./src/coshsp//c674/coshsp.c"/>
        <file name="./src/coshsp//c674/coshsp_c.c"/>
        <file name="./src/coshsp/coshsp_v.c"/>
        <file name="./src/tandp//c674/tandp.c"/>
        <file name="./src/tandp//c674/tandp_c.c"/>
        <file name="./src/tandp/tandp_v.c"/>
        <file name="./src/tansp//c674/tansp.c"/>
        <file name="./src/tansp//c674/tansp_c.c"/>
        <file name="./src/tansp/tansp_v.c"/>
        <file name="./src/tanhdp//c674/tanhdp.c"/>
        <file name="./src/tanhdp//c674/tanhdp_c.c"/>
        <file name="./src/tanhdp//c674/tanhdp_v.c"/>
        <file name="./src/tanhsp//c674/tanhsp.c"/>
        <file name="./src/tanhsp//c674/tanhsp_c.c"/>
        <file name="./src/tanhsp/tanhsp_v.c"/>
        <file name="./src/acoshdp//c674/acoshdp.c"/>
        <file name="./src/acoshdp//c674/acoshdp_c.c"/>
        <file name="./src/acoshdp/acoshdp_v.c"/>
        <file name="./src/acoshsp//c674/acoshsp.c"/>
        <file name="./src/acoshsp//c674/acoshsp_c.c"/>
        <file name="./src/acoshsp/acoshsp_v.c"/>
        <file name="./src/asinhdp//c674/asinhdp.c"/>
        <file name="./src/asinhdp//c674/asinhdp_c.c"/>
        <file name="./src/asinhdp/asinhdp_v.c"/>
        <file name="./src/asinhsp//c674/asinhsp.c"/>
        <file name="./src/asinhsp//c674/asinhsp_c.c"/>
        <file name="./src/asinhsp/asinhsp_v.c"/>
        <file name="./src/atanhdp//c674/atanhdp.c"/>
        <file name="./src/atanhdp//c674/atanhdp_c.c"/>
        <file name="./src/atanhdp//c674/atanhdp_v.c"/>
        <file name="./src/acossp//c674/acossp.c"/>
        <file name="./src/acossp//c674/acossp_c.c"/>
        <file name="./src/acossp/acossp_v.c"/>
        <file name="./src/asinsp//c674/asinsp.c"/>
        <file name="./src/asinsp//c674/asinsp_c.c"/>
        <file name="./src/asinsp/asinsp_v.c"/>
        <file name="./src/atanhsp//c674/atanhsp.c"/>
        <file name="./src/atanhsp//c674/atanhsp_c.c"/>
        <file name="./src/atanhsp/atanhsp_v.c"/>
        <file name="./src/atan2dp//c674/atan2dp.asm"/>
        <file name="./src/atan2sp//c674/atan2sp.asm"/>
        <file name="./src/atandp//c674/atandp.asm"/>
        <file name="./src/atansp//c674/atansp.asm"/>
        <file name="./src/cosdp//c674/cosdp.asm"/>
        <file name="./src/cossp//c674/cossp.asm"/>
        <file name="./src/divdp//c674/divdp.asm"/>
        <file name="./src/divsp//c674/divsp.asm"/>
        <file name="./src/exp10dp//c674/exp10dp.asm"/>
        <file name="./src/exp10sp//c674/exp10sp.asm"/>
        <file name="./src/exp2dp//c674/exp2dp.asm"/>
        <file name="./src/exp2sp//c674/exp2sp.asm"/>
        <file name="./src/expdp//c674/expdp.asm"/>
        <file name="./src/expsp//c674/expsp.asm"/>
        <file name="./src/log10dp//c674/log10dp.asm"/>
        <file name="./src/log10sp//c674/log10sp.asm"/>
        <file name="./src/log2dp//c674/log2dp.asm"/>
        <file name="./src/log2sp//c674/log2sp.asm"/>
        <file name="./src/logdp//c674/logdp.asm"/>
        <file name="./src/logsp//c674/logsp.asm"/>
        <file name="./src/powdp//c674/powdp.asm"/>
        <file name="./src/powsp//c674/powsp.asm"/>
        <file name="./src/recipdp//c674/recipdp.asm"/>
        <file name="./src/recipsp//c674/recipsp.asm"/>
        <file name="./src/rsqrtdp//c674/rsqrtdp.asm"/>
        <file name="./src/rsqrtsp//c674/rsqrtsp.asm"/>
        <file name="./src/sindp//c674/sindp.asm"/>
        <file name="./src/sinsp//c674/sinsp.asm"/>
        <file name="./src/sqrtdp//c674/sqrtdp.asm"/>
        <file name="./src/sqrtsp//c674/sqrtsp.asm"/>
        <file name="lib/mathlib.a674"/>
        <file name="lib/mathlib.lib"/>
        <file name="lib/mathlib.ae674.mk"/>
        <file name="lib/mathlib.ae674"/>
        <file name="./package/projects"/>
        <file name="ccsmake.mk"/>
        <file name="src/acosdp//c674//acosdp_674LE_LE_COFF"/>
        <file name="src/common//c674/lnk.cmd"/>
        <file name="src/acosdp/acosdp.h"/>
        <file name="src/acosdp/acosdp_d.c"/>
        <file name="src/acosdp//c674/acosdp.h"/>
        <file name="src/acosdp//c674/acosdp_i.h"/>
        <file name="src/common/drvdp.c"/>
        <file name="src/common/drvdp.h"/>
        <file name="src/common/driver.h"/>
        <file name="src/common/driver.c"/>
        <file name="src/common/common.h"/>
        <file name="src/common//c674/common.h"/>
        <file name="src/acosdp//c674//acosdp_674LE_LE_ELF"/>
        <file name="src/acoshdp//c674//acoshdp_674LE_LE_COFF"/>
        <file name="src/acoshdp/acoshdp.h"/>
        <file name="src/acoshdp/acoshdp_d.c"/>
        <file name="src/acoshdp//c674/acoshdp.h"/>
        <file name="src/acoshdp//c674/acoshdp_i.h"/>
        <file name="src/acoshdp//c674//acoshdp_674LE_LE_ELF"/>
        <file name="src/acoshsp//c674//acoshsp_674LE_LE_COFF"/>
        <file name="src/acoshsp/acoshsp.h"/>
        <file name="src/acoshsp/acoshsp_d.c"/>
        <file name="src/acoshsp//c674/acoshsp.h"/>
        <file name="src/acoshsp//c674/acoshsp_i.h"/>
        <file name="src/common/drvsp.c"/>
        <file name="src/common/drvsp.h"/>
        <file name="src/acoshsp//c674//acoshsp_674LE_LE_ELF"/>
        <file name="src/acossp//c674//acossp_674LE_LE_COFF"/>
        <file name="src/acossp/acossp.h"/>
        <file name="src/acossp/acossp_d.c"/>
        <file name="src/acossp//c674/acossp.h"/>
        <file name="src/acossp//c674/acossp_i.h"/>
        <file name="src/acossp//c674//acossp_674LE_LE_ELF"/>
        <file name="src/asindp//c674//asindp_674LE_LE_COFF"/>
        <file name="src/asindp/asindp.h"/>
        <file name="src/asindp/asindp_d.c"/>
        <file name="src/asindp//c674/asindp.h"/>
        <file name="src/asindp//c674/asindp_i.h"/>
        <file name="src/asindp//c674//asindp_674LE_LE_ELF"/>
        <file name="src/asinhdp//c674//asinhdp_674LE_LE_COFF"/>
        <file name="src/asinhdp/asinhdp.h"/>
        <file name="src/asinhdp/asinhdp_d.c"/>
        <file name="src/asinhdp//c674/asinhdp.h"/>
        <file name="src/asinhdp//c674/asinhdp_i.h"/>
        <file name="src/asinhdp//c674//asinhdp_674LE_LE_ELF"/>
        <file name="src/asinhsp//c674//asinhsp_674LE_LE_COFF"/>
        <file name="src/asinhsp/asinhsp.h"/>
        <file name="src/asinhsp/asinhsp_d.c"/>
        <file name="src/asinhsp//c674/asinhsp.h"/>
        <file name="src/asinhsp//c674/asinhsp_i.h"/>
        <file name="src/asinhsp//c674//asinhsp_674LE_LE_ELF"/>
        <file name="src/asinsp//c674//asinsp_674LE_LE_COFF"/>
        <file name="src/asinsp/asinsp.h"/>
        <file name="src/asinsp/asinsp_d.c"/>
        <file name="src/asinsp//c674/asinsp.h"/>
        <file name="src/asinsp//c674/asinsp_i.h"/>
        <file name="src/asinsp//c674//asinsp_674LE_LE_ELF"/>
        <file name="src/atan2dp//c674//atan2dp_674LE_LE_COFF"/>
        <file name="src/atan2dp/atan2dp.h"/>
        <file name="src/atan2dp/atan2dp_d.c"/>
        <file name="src/atan2dp//c674/atan2dp.h"/>
        <file name="src/atan2dp//c674/atan2dp_i.h"/>
        <file name="src/atan2dp//c674//atan2dp_674LE_LE_ELF"/>
        <file name="src/atan2sp//c674//atan2sp_674LE_LE_COFF"/>
        <file name="src/atan2sp/atan2sp.h"/>
        <file name="src/atan2sp/atan2sp_d.c"/>
        <file name="src/atan2sp//c674/atan2sp.h"/>
        <file name="src/atan2sp//c674/atan2sp_i.h"/>
        <file name="src/atan2sp//c674//atan2sp_674LE_LE_ELF"/>
        <file name="src/atandp//c674//atandp_674LE_LE_COFF"/>
        <file name="src/atandp/atandp.h"/>
        <file name="src/atandp/atandp_d.c"/>
        <file name="src/atandp//c674/atandp.h"/>
        <file name="src/atandp//c674/atandp_i.h"/>
        <file name="src/atandp//c674//atandp_674LE_LE_ELF"/>
        <file name="src/atanhdp//c674//atanhdp_674LE_LE_COFF"/>
        <file name="src/atanhdp/atanhdp.h"/>
        <file name="src/atanhdp/atanhdp_d.c"/>
        <file name="src/atanhdp//c674/atanhdp.h"/>
        <file name="src/atanhdp//c674/atanhdp_i.h"/>
        <file name="src/atanhdp//c674//atanhdp_674LE_LE_ELF"/>
        <file name="src/atanhsp//c674//atanhsp_674LE_LE_COFF"/>
        <file name="src/atanhsp/atanhsp.h"/>
        <file name="src/atanhsp/atanhsp_d.c"/>
        <file name="src/atanhsp//c674/atanhsp.h"/>
        <file name="src/atanhsp//c674/atanhsp_i.h"/>
        <file name="src/atanhsp//c674//atanhsp_674LE_LE_ELF"/>
        <file name="src/atansp//c674//atansp_674LE_LE_COFF"/>
        <file name="src/atansp/atansp.h"/>
        <file name="src/atansp/atansp_d.c"/>
        <file name="src/atansp//c674/atansp.h"/>
        <file name="src/atansp//c674/atansp_i.h"/>
        <file name="src/atansp//c674//atansp_674LE_LE_ELF"/>
        <file name="src/cosdp//c674//cosdp_674LE_LE_COFF"/>
        <file name="src/cosdp/cosdp.h"/>
        <file name="src/cosdp/cosdp_d.c"/>
        <file name="src/cosdp//c674/cosdp.h"/>
        <file name="src/cosdp//c674/cosdp_i.h"/>
        <file name="src/cosdp//c674//cosdp_674LE_LE_ELF"/>
        <file name="src/coshdp//c674//coshdp_674LE_LE_COFF"/>
        <file name="src/coshdp/coshdp.h"/>
        <file name="src/coshdp/coshdp_d.c"/>
        <file name="src/coshdp//c674/coshdp.h"/>
        <file name="src/coshdp//c674/coshdp_i.h"/>
        <file name="src/coshdp//c674//coshdp_674LE_LE_ELF"/>
        <file name="src/coshsp//c674//coshsp_674LE_LE_COFF"/>
        <file name="src/coshsp/coshsp.h"/>
        <file name="src/coshsp/coshsp_d.c"/>
        <file name="src/coshsp//c674/coshsp.h"/>
        <file name="src/coshsp//c674/coshsp_i.h"/>
        <file name="src/coshsp//c674//coshsp_674LE_LE_ELF"/>
        <file name="src/cossp//c674//cossp_674LE_LE_COFF"/>
        <file name="src/cossp/cossp.h"/>
        <file name="src/cossp/cossp_d.c"/>
        <file name="src/cossp//c674/cossp.h"/>
        <file name="src/cossp//c674/cossp_i.h"/>
        <file name="src/cossp//c674//cossp_674LE_LE_ELF"/>
        <file name="src/divdp//c674//divdp_674LE_LE_COFF"/>
        <file name="src/divdp/divdp.h"/>
        <file name="src/divdp/divdp_d.c"/>
        <file name="src/divdp//c674/divdp.h"/>
        <file name="src/divdp//c674/divdp_i.h"/>
        <file name="src/divdp//c674//divdp_674LE_LE_ELF"/>
        <file name="src/divsp//c674//divsp_674LE_LE_COFF"/>
        <file name="src/divsp/divsp.h"/>
        <file name="src/divsp/divsp_d.c"/>
        <file name="src/divsp//c674/divsp.h"/>
        <file name="src/divsp//c674/divsp_i.h"/>
        <file name="src/divsp//c674//divsp_674LE_LE_ELF"/>
        <file name="src/exp10dp//c674//exp10dp_674LE_LE_COFF"/>
        <file name="src/exp10dp/exp10dp.h"/>
        <file name="src/exp10dp/exp10dp_d.c"/>
        <file name="src/exp10dp//c674/exp10dp.h"/>
        <file name="src/exp10dp//c674/exp10dp_i.h"/>
        <file name="src/exp10dp//c674//exp10dp_674LE_LE_ELF"/>
        <file name="src/exp10sp//c674//exp10sp_674LE_LE_COFF"/>
        <file name="src/exp10sp/exp10sp.h"/>
        <file name="src/exp10sp/exp10sp_d.c"/>
        <file name="src/exp10sp//c674/exp10sp.h"/>
        <file name="src/exp10sp//c674/exp10sp_i.h"/>
        <file name="src/exp10sp//c674//exp10sp_674LE_LE_ELF"/>
        <file name="src/exp2dp//c674//exp2dp_674LE_LE_COFF"/>
        <file name="src/exp2dp/exp2dp.h"/>
        <file name="src/exp2dp/exp2dp_d.c"/>
        <file name="src/exp2dp//c674/exp2dp.h"/>
        <file name="src/exp2dp//c674/exp2dp_i.h"/>
        <file name="src/exp2dp//c674//exp2dp_674LE_LE_ELF"/>
        <file name="src/exp2sp//c674//exp2sp_674LE_LE_COFF"/>
        <file name="src/exp2sp/exp2sp.h"/>
        <file name="src/exp2sp/exp2sp_d.c"/>
        <file name="src/exp2sp//c674/exp2sp.h"/>
        <file name="src/exp2sp//c674/exp2sp_i.h"/>
        <file name="src/exp2sp//c674//exp2sp_674LE_LE_ELF"/>
        <file name="src/expdp//c674//expdp_674LE_LE_COFF"/>
        <file name="src/expdp/expdp.h"/>
        <file name="src/expdp/expdp_d.c"/>
        <file name="src/expdp//c674/expdp.h"/>
        <file name="src/expdp//c674/expdp_i.h"/>
        <file name="src/expdp//c674//expdp_674LE_LE_ELF"/>
        <file name="src/expsp//c674//expsp_674LE_LE_COFF"/>
        <file name="src/expsp/expsp.h"/>
        <file name="src/expsp/expsp_d.c"/>
        <file name="src/expsp//c674/expsp.h"/>
        <file name="src/expsp//c674/expsp_i.h"/>
        <file name="src/expsp//c674//expsp_674LE_LE_ELF"/>
        <file name="src/log10dp//c674//log10dp_674LE_LE_COFF"/>
        <file name="src/log10dp/log10dp.h"/>
        <file name="src/log10dp/log10dp_d.c"/>
        <file name="src/log10dp//c674/log10dp.h"/>
        <file name="src/log10dp//c674/log10dp_i.h"/>
        <file name="src/log10dp//c674//log10dp_674LE_LE_ELF"/>
        <file name="src/log10sp//c674//log10sp_674LE_LE_COFF"/>
        <file name="src/log10sp/log10sp.h"/>
        <file name="src/log10sp/log10sp_d.c"/>
        <file name="src/log10sp//c674/log10sp.h"/>
        <file name="src/log10sp//c674/log10sp_i.h"/>
        <file name="src/log10sp//c674//log10sp_674LE_LE_ELF"/>
        <file name="src/log2dp//c674//log2dp_674LE_LE_COFF"/>
        <file name="src/log2dp/log2dp.h"/>
        <file name="src/log2dp/log2dp_d.c"/>
        <file name="src/log2dp//c674/log2dp.h"/>
        <file name="src/log2dp//c674/log2dp_i.h"/>
        <file name="src/log2dp//c674//log2dp_674LE_LE_ELF"/>
        <file name="src/log2sp//c674//log2sp_674LE_LE_COFF"/>
        <file name="src/log2sp/log2sp.h"/>
        <file name="src/log2sp/log2sp_d.c"/>
        <file name="src/log2sp//c674/log2sp.h"/>
        <file name="src/log2sp//c674/log2sp_i.h"/>
        <file name="src/log2sp//c674//log2sp_674LE_LE_ELF"/>
        <file name="src/logdp//c674//logdp_674LE_LE_COFF"/>
        <file name="src/logdp/logdp.h"/>
        <file name="src/logdp/logdp_d.c"/>
        <file name="src/logdp//c674/logdp.h"/>
        <file name="src/logdp//c674/logdp_i.h"/>
        <file name="src/logdp//c674//logdp_674LE_LE_ELF"/>
        <file name="src/logsp//c674//logsp_674LE_LE_COFF"/>
        <file name="src/logsp/logsp.h"/>
        <file name="src/logsp/logsp_d.c"/>
        <file name="src/logsp//c674/logsp.h"/>
        <file name="src/logsp//c674/logsp_i.h"/>
        <file name="src/logsp//c674//logsp_674LE_LE_ELF"/>
        <file name="src/powdp//c674//powdp_674LE_LE_COFF"/>
        <file name="src/powdp/powdp.h"/>
        <file name="src/powdp/powdp_d.c"/>
        <file name="src/powdp//c674/powdp.h"/>
        <file name="src/powdp//c674/powdp_i.h"/>
        <file name="src/powdp//c674//powdp_674LE_LE_ELF"/>
        <file name="src/powsp//c674//powsp_674LE_LE_COFF"/>
        <file name="src/powsp/powsp.h"/>
        <file name="src/powsp/powsp_d.c"/>
        <file name="src/powsp//c674/powsp.h"/>
        <file name="src/powsp//c674/powsp_i.h"/>
        <file name="src/powsp//c674//powsp_674LE_LE_ELF"/>
        <file name="src/recipdp//c674//recipdp_674LE_LE_COFF"/>
        <file name="src/recipdp/recipdp.h"/>
        <file name="src/recipdp/recipdp_d.c"/>
        <file name="src/recipdp//c674/recipdp.h"/>
        <file name="src/recipdp//c674/recipdp_i.h"/>
        <file name="src/recipdp//c674//recipdp_674LE_LE_ELF"/>
        <file name="src/recipsp//c674//recipsp_674LE_LE_COFF"/>
        <file name="src/recipsp/recipsp.h"/>
        <file name="src/recipsp/recipsp_d.c"/>
        <file name="src/recipsp//c674/recipsp.h"/>
        <file name="src/recipsp//c674/recipsp_i.h"/>
        <file name="src/recipsp//c674//recipsp_674LE_LE_ELF"/>
        <file name="src/rsqrtdp//c674//rsqrtdp_674LE_LE_COFF"/>
        <file name="src/rsqrtdp/rsqrtdp.h"/>
        <file name="src/rsqrtdp/rsqrtdp_d.c"/>
        <file name="src/rsqrtdp//c674/rsqrtdp.h"/>
        <file name="src/rsqrtdp//c674/rsqrtdp_i.h"/>
        <file name="src/rsqrtdp//c674//rsqrtdp_674LE_LE_ELF"/>
        <file name="src/rsqrtsp//c674//rsqrtsp_674LE_LE_COFF"/>
        <file name="src/rsqrtsp/rsqrtsp.h"/>
        <file name="src/rsqrtsp/rsqrtsp_d.c"/>
        <file name="src/rsqrtsp//c674/rsqrtsp.h"/>
        <file name="src/rsqrtsp//c674/rsqrtsp_i.h"/>
        <file name="src/rsqrtsp//c674//rsqrtsp_674LE_LE_ELF"/>
        <file name="src/sindp//c674//sindp_674LE_LE_COFF"/>
        <file name="src/sindp/sindp.h"/>
        <file name="src/sindp/sindp_d.c"/>
        <file name="src/sindp//c674/sindp.h"/>
        <file name="src/sindp//c674/sindp_i.h"/>
        <file name="src/sindp//c674//sindp_674LE_LE_ELF"/>
        <file name="src/sinhdp//c674//sinhdp_674LE_LE_COFF"/>
        <file name="src/sinhdp/sinhdp.h"/>
        <file name="src/sinhdp/sinhdp_d.c"/>
        <file name="src/sinhdp//c674/sinhdp.h"/>
        <file name="src/sinhdp//c674/sinhdp_i.h"/>
        <file name="src/sinhdp//c674//sinhdp_674LE_LE_ELF"/>
        <file name="src/sinhsp//c674//sinhsp_674LE_LE_COFF"/>
        <file name="src/sinhsp/sinhsp.h"/>
        <file name="src/sinhsp/sinhsp_d.c"/>
        <file name="src/sinhsp//c674/sinhsp.h"/>
        <file name="src/sinhsp//c674/sinhsp_i.h"/>
        <file name="src/sinhsp//c674//sinhsp_674LE_LE_ELF"/>
        <file name="src/sinsp//c674//sinsp_674LE_LE_COFF"/>
        <file name="src/sinsp/sinsp.h"/>
        <file name="src/sinsp/sinsp_d.c"/>
        <file name="src/sinsp//c674/sinsp.h"/>
        <file name="src/sinsp//c674/sinsp_i.h"/>
        <file name="src/sinsp//c674//sinsp_674LE_LE_ELF"/>
        <file name="src/sqrtdp//c674//sqrtdp_674LE_LE_COFF"/>
        <file name="src/sqrtdp/sqrtdp.h"/>
        <file name="src/sqrtdp/sqrtdp_d.c"/>
        <file name="src/sqrtdp//c674/sqrtdp.h"/>
        <file name="src/sqrtdp//c674/sqrtdp_i.h"/>
        <file name="src/sqrtdp//c674//sqrtdp_674LE_LE_ELF"/>
        <file name="src/sqrtsp//c674//sqrtsp_674LE_LE_COFF"/>
        <file name="src/sqrtsp/sqrtsp.h"/>
        <file name="src/sqrtsp/sqrtsp_d.c"/>
        <file name="src/sqrtsp//c674/sqrtsp.h"/>
        <file name="src/sqrtsp//c674/sqrtsp_i.h"/>
        <file name="src/sqrtsp//c674//sqrtsp_674LE_LE_ELF"/>
        <file name="src/tandp//c674//tandp_674LE_LE_COFF"/>
        <file name="src/tandp/tandp.h"/>
        <file name="src/tandp/tandp_d.c"/>
        <file name="src/tandp//c674/tandp.h"/>
        <file name="src/tandp//c674/tandp_i.h"/>
        <file name="src/tandp//c674//tandp_674LE_LE_ELF"/>
        <file name="src/tanhdp//c674//tanhdp_674LE_LE_COFF"/>
        <file name="src/tanhdp/tanhdp.h"/>
        <file name="src/tanhdp/tanhdp_d.c"/>
        <file name="src/tanhdp//c674/tanhdp.h"/>
        <file name="src/tanhdp//c674/tanhdp_i.h"/>
        <file name="src/tanhdp//c674//tanhdp_674LE_LE_ELF"/>
        <file name="src/tanhsp//c674//tanhsp_674LE_LE_COFF"/>
        <file name="src/tanhsp/tanhsp.h"/>
        <file name="src/tanhsp/tanhsp_d.c"/>
        <file name="src/tanhsp//c674/tanhsp.h"/>
        <file name="src/tanhsp//c674/tanhsp_i.h"/>
        <file name="src/tanhsp//c674//tanhsp_674LE_LE_ELF"/>
        <file name="src/tansp//c674//tansp_674LE_LE_COFF"/>
        <file name="src/tansp/tansp.h"/>
        <file name="src/tansp/tansp_d.c"/>
        <file name="src/tansp//c674/tansp.h"/>
        <file name="src/tansp//c674/tansp_i.h"/>
        <file name="src/tansp//c674//tansp_674LE_LE_ELF"/>
        <file name=".//docs/bundle/doxygen/doxyfile.xdt"/>
        <file name=".//docs/doxygen/MATHLIB_Function_Reference.chm"/>
        <file name=".//docs/doxygen/doxyfile.xdt"/>
        <file name=".//mathlib_3_1_2_1_release_notes.html"/>
        <file name=".//Makedocs.mk"/>
        <file name=".//mathlib.h"/>
        <file name="docs/relnotes_archive"/>
        <file name="package.bld"/>
        <file name="package/package.xdc.inc"/>
        <file name="package/package.cfg.xdc.inc"/>
    </release>
    </releases>
    <repositories>
    </repositories>
</package>
